gender,name.title,name.first,name.last,nat
male,mr,max,robinson,NZ
male,mr,sixto,nunes,BR
female,mrs,gonca,nalbantoğlu,TR
female,mrs,nyah,massar,NL
female,miss,دینا,صدر,IR
female,mrs,miriam,ford,AU
female,miss,هلیا,حسینی,IR
female,miss,isla,thomas,NZ
male,mr,sander,høie,NO
female,ms,kerttu,lauri,FI
female,ms,sophie,lavoie,CA
male,mr,eugene,ryan,AU
male,mr,haron,alma,NL
male,mr,niklas,koç,NL
male,mr,juliano,aragão,BR
female,miss,mana,leendertse,NL
female,miss,karla,thomsen,DK
male,mr,shawn,holmes,IE
female,miss,becky,white,IE
male,mr,franz,houtepen,NL
male,mr,frederikke,nielsen,DK
female,mrs,clémentine,perez,FR
male,mr,emre,aykaç,TR
female,ms,victoria,esteban,ES
male,mr,elliott,sjøberg,NO
male,mr,پارسا,موسوی,IR
female,ms,سارا,سلطانی نژاد,IR
female,mrs,marjorie,boyd,US
female,ms,joséphine,prevoo,NL
female,ms,ruby,ward,AU
female,mrs,casey,gijsbers,NL
female,mrs,bertha,mills,US
male,mr,teófilo,caldeira,BR
female,miss,jacqueline,nitschke,DE
male,mr,محمدطاها,کامروا,IR
female,mrs,nellie,flores,US
female,mrs,alisa,salminen,FI
female,ms,lena,hicks,US
male,mr,martinho,oliveira,BR
female,ms,özsu,kulaksızoğlu,TR
female,ms,emilie,petersen,DK
female,ms,lily,wright,NZ
male,mr,arnold,perez,AU
female,ms,beatrice,lo,CA
male,mr,auguste,girard,FR
male,mr,same,howard,AU
female,mrs,eveline,gonçalves,BR
female,miss,رها,رضایی,IR
male,mr,werner,köppen,DE
female,ms,kate,graves,GB
male,mr,philip,lam,CA
female,mademoiselle,hélène,joly,CH
female,mrs,mercedes,santos,ES
male,mr,tomislav,de vos,NL
male,mr,aires,da paz,BR
male,mr,mille,kristensen,DK
female,ms,fiona,watson,IE
male,mr,hugo,garcia,ES
female,mrs,ثنا,حیدری,IR
female,ms,katrine,sørensen,DK
female,mrs,suzanna,ross,GB
female,madame,alessandra,fontai,CH
male,mr,matt,rhodes,IE
male,mr,william,ross,CA
male,mr,hermes,da paz,BR
female,ms,annabelle,sirko,CA
male,mr,eckhardt,hagel,DE
male,mr,glen,gilbert,IE
male,mr,charly,pierre,FR
male,mr,herm,tholen,NL
male,mr,aleksi,couri,FI
male,mr,altino,fogaça,BR
female,miss,addison,harris,CA
female,mrs,sharron,henry,IE
male,mr,bertram,madsen,DK
female,mademoiselle,alissa,menard,CH
female,mrs,ثنا,زارعی,IR
male,mr,travis,douglas,US
female,mademoiselle,vivienne,bernard,CH
female,mrs,melike,ayverdi,TR
male,mr,clifton,nichols,GB
female,miss,stacey,weaver,AU
male,mr,پرهام,محمدخان,IR
male,mr,felix,romero,ES
female,mrs,gerlinde,ring,DE
male,monsieur,henry,blanchard,CH
male,mr,danny,wiig,NO
female,ms,deborah,freeman,IE
female,miss,madison,gomez,US
male,monsieur,federico,lambert,CH
female,ms,annegret,burger,DE
male,mr,adrian,carrasco,ES
male,mr,michael,davies,NZ
male,mr,julian,butler,AU
female,miss,mélissa,noel,FR
male,mr,lewis,morris,NZ
female,mrs,amy,alvarez,AU
female,mrs,mathilde,larsen,DK
male,mr,jason,dean,US
female,ms,faith,sims,IE
male,mr,louis,park,CA
male,mr,ümit,kunt,TR
male,mr,clyde,morrison,GB
male,mr,رهام,علیزاده,IR
male,mr,aparício,moreira,BR
female,ms,celina,lowe,AU
male,mr,emilian,skorstad,NO
female,miss,phoebe,wheeler,GB
male,mr,میلاد,زارعی,IR
female,ms,méline,henry,FR
female,miss,elif,akışık,TR
female,ms,pauline,mercier,FR
male,mr,eino,koskela,FI
male,mr,alfred,steward,IE
female,mrs,nalan,özberk,TR
female,ms,margaux,leroux,FR
male,mr,koray,tuğluk,TR
male,mr,evan,bennett,US
male,mr,محمدامين,كامياران,IR
male,mr,theodore,thompson,NZ
female,miss,irmtraut,niemeyer,DE
female,miss,bertha,price,AU
male,mr,aiden,addy,CA
male,mr,kirk,hall,IE
female,mrs,sarah,green,IE
male,mr,noa,lopez,FR
female,miss,jose,mendez,ES
female,miss,nina,thomas,NZ
male,mr,benjamin,pedersen,DK
male,mr,macit,paksüt,TR
female,ms,milana,aaland,NO
female,ms,دینا,مرادی,IR
male,mr,rémy,le gall,FR
female,mrs,alberte,johansen,DK
male,mr,sylvio,kunkel,DE
male,mr,hudson,zhang,NZ
male,monsieur,mateo,sanchez,CH
female,ms,ahlam,hannisdal,NO
female,miss,mille,grønnevik,NO
male,mr,alvin,russell,IE
female,ms,wilma,engelhard,DE
male,mr,jack,beck,US
female,mrs,catherine,jenkins,IE
male,mr,connor,walker,NZ
female,miss,aimê,da rosa,BR
female,ms,julia,wong,CA
male,mr,رادین,کامروا,IR
male,mr,sebastian,evans,NZ
female,mrs,danisha,van beekveld,NL
female,miss,camilla,sailer,DE
female,miss,alice,martin,CA
female,miss,lina,philippe,FR
male,mr,nihal,çevik,TR
male,mr,jorge,alvarez,ES
male,mr,daniel,hernandez,ES
female,mrs,louna,carpentier,FR
female,mademoiselle,lucette,robert,CH
male,mr,alberto,perez,ES
male,mr,andre,hallberg,NO
male,mr,ed,long,GB
male,mr,fred,young,IE
female,ms,isabella,edwards,NZ
male,mr,ademar,rezende,BR
male,mr,emre,menemencioğlu,TR
male,mr,matthew,gagné,CA
female,miss,rose,svanevik,NO
male,monsieur,dimitri,andre,CH
female,mrs,pearl,frazier,US
male,mr,ceyhun,akşit,TR
female,mademoiselle,cindy,schmitt,CH
female,miss,alexis,bélanger,CA
male,mr,maurice,stewart,AU
male,mr,dustin,alexander,AU
male,mr,yasir,schjetne,NO
female,ms,natalia,aguilar,ES
male,mr,levi,edwards,NZ
female,miss,hilla,hanka,FI
female,mrs,addison,hughes,NZ
female,ms,sümeyya,van vlimmeren,NL
male,mr,carl-heinz,rohe,DE
female,miss,dolores,nuñez,ES
male,mr,mathis,abraham,CA
male,mr,felix,petersen,DK
female,miss,jill,bell,AU
female,ms,lourdes,ortiz,ES
male,mr,asdrúbal,cardoso,BR
male,mr,cecílio,da paz,BR
male,monsieur,theodor,giraud,CH
female,miss,ستایش,یاسمی,IR
male,mr,lenny,marchand,FR
male,mr,ingbert,bucher,DE
male,mr,felix,melhus,NO
female,mademoiselle,helen,fabre,CH
female,mrs,merel,wisselink,NL
female,mrs,marie-louise,siebert,DE
female,ms,sara,gallardo,ES
male,mr,luukas,kivi,FI
female,mrs,zoe,smith,NZ
male,monsieur,paulo,lefebvre,CH
female,miss,annette,langenbach,DE
